Id,Prediction
0,0.29878221631103663
1,0.9853041317629607
2,0.9741836503241792
3,0.06159482683671047
4,0.6045579910050278
5,0.7725314879675862
6,0.42236478955248535
7,0.5891418138428471
8,0.4366083624495348
9,0.11847347619463999
10,0.6809574511274634
11,0.18417809668357432
12,0.39132284207926626
13,0.23285461548151398
14,0.4605327917638341
15,0.5902069125751945
16,0.5751096176170795
17,0.8694893288248745
18,0.2679402741997332
19,0.5738890090898002
20,0.9591659714564009
21,0.5561705345978596
22,0.3955916276952547
23,0.6708439506523395
24,0.5971456158274265
25,0.7130198645455874
26,0.2863003280112283
27,0.6241808618197577
28,0.40535159537093945
29,0.6877480858967618
30,0.792555699037905
31,0.5976398369331373
32,0.9184129537999999
33,0.5081661028797061
34,0.9878574701131221
35,0.21979830399358302
36,0.17587315126153225
37,0.673554189972538
38,0.5685889207407624
39,0.9215144238990984
40,0.29333047302431514
41,0.436774447570599
42,0.3284135416353755
43,0.7022020974864838
44,0.41310106441259486
45,0.442905720426197
46,0.6237417607694172
47,0.2540343672438543
48,0.35658044679246415
49,0.831489436287245
50,0.6159714411287457
51,0.46381558381616406
52,0.9576243293611465
53,0.9239861488463585
54,0.4239883224233354
55,0.707727265733073
56,0.5704272188521712
57,0.6554350638554318
58,0.09078084240275419
59,0.6143275025664774
60,0.24078095251118437
61,0.5107111857042111
62,0.2625632173202437
63,0.13822533061416076
64,0.37759427553762703
65,0.8639964529799291
66,0.9541687559849492
67,0.4266520081991715
68,0.17070771178935662
69,0.4814252449139993
70,0.7372868589038564
71,0.778421279631993
72,0.09163240468602707
73,0.9902848355464408
74,0.7160199607621291
75,0.9013632686512958
76,0.07166344685188863
77,0.5988558525166082
78,0.458735737717742
79,0.22476480316800662
80,0.3479301204423674
81,0.8654537734611897
82,0.6892860961754784
83,0.967831288824529
84,0.42598550256828727
85,0.7488902241531
86,0.1021248060479093
87,0.036913936636235434
88,0.14085099436811555
89,0.1009344919779126
90,0.030814663764600625
91,0.30272430486777324
92,0.5682673188000747
93,0.06368193118823418
94,0.5587435722533548
95,0.11863541969938551
96,0.21172119844564985
97,0.447322609003334
98,0.5753143376532162
99,0.18525825253715833
100,0.9520753851354802
101,0.857716338756727
102,0.7947677112560557
103,0.07502636259827522
104,0.8744167261507831
105,0.15124861947704238
106,0.6341333849661535
107,0.5117569937443375
108,0.29854344795089427
109,0.35958779472740987
110,0.26264082280271883
111,0.3464098824452265
112,0.17565652155925948
113,0.19419276541732056
114,0.035449599389614894
115,0.6214174719278276
116,0.7342233989108636
117,0.704485198790743
118,0.8324037903319342
119,0.931771185072914
120,0.6219260470004062
121,0.12047624397413115
122,0.22348936954011833
123,0.12643094781559194
124,0.7638767774652772
125,0.5308969132369785
126,0.3530050414340439
127,0.8495577939379294
128,0.08166749704054932
129,0.5520252887663282
130,0.15597977995613366
131,0.3682605712118865
132,0.3027893719013184
133,0.4753505545832307
134,0.18460410725400933
135,0.02465148797027983
136,0.7478231398628183
137,0.6115985182691605
138,0.349960127560776
139,0.9810131632891406
140,0.2588667751908591
141,0.748448034530949
142,0.2146448695052322
143,0.7077485390065965
144,0.08345397521690812
145,0.5434752115292653
146,0.0894189389209209
147,0.1597664614222507
148,0.6366202393808594
149,0.8945705220392446
150,0.6976638906953369
151,0.14208238853858934
152,0.9859539387519382
153,0.4213706789016676
154,0.08832826609290789
155,0.07470361765959022
156,0.990299569642836
157,0.22219688833659712
158,0.5292790018939184
159,0.5736626368381106
160,0.908456760007671
161,0.011764023638275112
162,0.5188939918974234
163,0.04438360174366596
164,0.23318780522206883
165,0.018094079131288465
166,0.5215297302305595
167,0.49415407506560616
168,0.3615363544344856
169,0.12596561365007541
170,0.38420962197520836
171,0.0504774166393368
172,0.1366353001140168
173,0.06974029267836124
174,0.48059946612601845
175,0.3603512375120297
176,0.579087266393653
177,0.803011029238261
178,0.059256447632649145
179,0.22815083932070246
180,0.8660675752650047
181,0.7200678141850124
182,0.5134305456428091
183,0.21410370758832475
184,0.4169609550239183
185,0.9844980593263266
186,0.14205358112414013
187,0.9901274406233713
188,0.7484209451117925
189,0.38207861647750396
190,0.7420588299656062
191,0.245419599271829
192,0.879074813091029
193,0.2564819483126509
194,0.2513878176607366
195,0.18710121167490856
196,0.6111111911638639
197,0.06442051831151041
198,0.5740211925476945
199,0.09150757469346549
200,0.7523556205913533
201,0.004251385472286318
202,0.7684481834507391
203,0.5792389911792364
204,0.7937975884520327
205,0.337413422792998
206,0.8265749352237326
207,0.34790304161686836
208,0.35691792774808284
209,0.650399001866648
210,0.08600672825369182
211,0.3758272472782618
212,0.9836599591726615
213,0.9617549875458402
214,0.6880501126663566
215,0.5916200025562015
216,0.5389388664751263
217,0.36159275037248895
218,0.8139214978875859
219,0.940651284617895
220,0.3697362038715065
221,0.002275772348437677
222,0.7086899361898618
223,0.18506255434806007
224,0.04844842370515445
225,0.9701530678041091
226,0.25764901744868984
227,0.32429622664207325
228,0.750800944093344
229,0.29667869985909556
230,0.6691155909872465
231,0.008414612822025047
232,0.4824091010044864
233,0.5255927869582014
234,0.6695665339424968
235,0.6209358046540305
236,0.39835001022659067
237,0.49835603345531787
238,0.5303447999244556
239,0.5285884389706136
240,0.2550628854478617
241,0.026460974439608265
242,0.5458439104328037
243,0.13093815274185872
244,0.3568997559216034
245,0.5041807864000337
246,0.5699524950012141
247,0.9938693482342075
248,0.5395595088682741
249,0.17976260278067147
250,0.8495962750594958
251,0.31387786062050005
252,0.6003799031827179
253,0.8670141128279398
254,0.5263486888244714
255,0.5859695497278188
256,0.44053192484293324
257,0.6862907798523223
258,0.5025111994917254
259,0.7599990184961896
260,0.517735165236663
261,0.5909397002401154
262,0.8139604365995043
263,0.8692323331732128
264,0.5210523168452328
265,0.8012078443267069
266,0.8738592448228574
267,0.8491455981656756
268,0.391628016971878
269,0.019400891214322202
270,0.53785898332261
271,0.5287598501058248
272,0.4484191215757991
273,0.36279917122860106
274,0.24258027229522505
275,0.49807031632577703
276,0.2880221371785364
277,0.31749737931887667
278,0.34883383773764187
279,0.5357258672712593
280,0.9346873242321911
281,0.9359870095634445
282,0.4516335705240767
283,0.965968655384394
284,0.37512880254309533
285,0.8126646338095428
286,0.11030837948248884
287,0.7531956924126224
288,0.2870271061523316
289,0.7143102707793035
290,0.24205397248135085
291,0.08493822684506191
292,0.5050566866471727
293,0.6914511115137646
294,0.5644702195563479
295,0.27860902105642826
296,0.766781725980925
297,0.003381495335276763
298,0.02802605762970789
299,0.3988332873218311
300,0.7318020718043202
301,0.860653425235459
302,0.42502076381577414
303,0.7076788737224204
304,0.0677581958504847
305,0.6134084998936391
306,0.3409221662480726
307,0.37788649840888655
308,0.17444560014487565
309,0.9796211486204113
310,0.7302374507036566
311,0.9535028309060861
312,0.7263794868740551
313,0.599585385034992
314,0.19345393349979212
315,0.9012404032996191
316,0.8533030546718129
317,0.34748880906129553
318,0.17470557411043797
319,0.7410607107618844
320,0.366386348413378
321,0.08580588679785883
322,0.2789355019122547
323,0.14913726072980849
324,0.36833239674172547
325,0.7994758272879897
326,0.8966052347987128
327,0.7453368159126456
328,0.73752776080024
329,0.7415891290189454
330,0.899109465859532
331,0.02647586538210278
332,0.20914121875899627
333,0.11006523827542869
334,0.01978071886916022
335,0.16481409026232086
336,0.835260520458196
337,0.3614033247055699
338,0.7989395663342829
339,0.5097817540204448
340,0.11022627858776124
341,0.4133091827121972
342,0.8291261152441785
343,0.39813425090752097
344,0.9869509013979145
345,0.7132916539867847
346,0.09982478579697984
347,0.7573224683831434
348,0.7472045101193112
349,0.9326017123872204
350,0.14771575256367464
351,0.7485192819921584
352,0.6831308764466831
353,0.030049028188021243
354,0.32002063779898604
355,0.03713948667762612
356,0.14628953895659735
357,0.9659637760509691
358,0.5553189786162926
359,0.7140877002553535
360,0.8338787868485451
361,0.6896081422118683
362,0.07736152882930658
363,0.7047254939634373
364,0.9582477694723879
365,0.9082527802608792
366,0.5304302182060375
367,0.6272429229893767
368,0.7211030522013728
369,0.19931226879486996
370,0.49639753779543316
371,0.4955906969645155
372,0.026652322925748484
373,0.9668067054307586
374,0.9421984945768714
375,0.33599450770926675
376,0.5977909595152833
377,0.1785488952182569
378,0.8243917875879516
379,0.2630101324822439
380,0.14889472423949135
381,0.4279773708792298
382,0.4643176423048607
383,0.1762707777541136
384,0.5500777186066628
385,0.6814753226765413
386,0.3159811975410822
387,0.3397663415518447
388,0.4252045497310798
389,0.07562915734258668
390,0.9413549154249865
391,0.6395221073287488
392,0.003785390256092369
393,0.1492820129207405
394,0.573783799732194
395,0.8013360569443342
396,0.7155619127876236
397,0.5262165306992873
398,0.7857711248773149
399,0.6718162526356405
400,0.8346417191994913
401,0.1575115411903264
402,0.24528303448125433
403,0.1999904366752695
404,0.4248203325900697
405,0.5830379680393502
406,0.5482733157093652
407,0.0858463600277296
408,0.8701937059116932
409,0.05277198381716197
410,0.24973221147695712
411,0.20014652177076775
412,0.33674802832665707
413,0.7031006035107352
414,0.21140180539863263
415,0.3362473771168569
416,0.45983225085976986
417,0.4029523848968163
418,0.8348938429600562
419,0.6410861654688872
420,0.42555768379117964
421,0.47195838532072465
422,0.1572989032722636
423,0.4316546425535661
424,0.7797807220211743
425,0.8935677823472902
426,0.6631902385148407
427,0.7801575770706847
428,0.2494843304398665
429,0.8160319381117527
430,0.02631600859545269
431,0.06807339646391053
432,0.6482981624836707
433,0.653690519829577
434,0.9122749076890345
435,0.9253581400887929
436,0.12058767556377403
437,0.5045584239868585
438,0.5473067581939204
439,0.7030256461281384
440,0.8496279846139633
441,0.2207758809124759
442,0.5433885902116516
443,0.968195734652938
444,0.9140061724046675
445,0.14888872317293256
446,0.965005743639155
447,0.1341665323302179
448,0.22265984339343092
449,0.032112440061606407
450,0.7449152894026494
451,0.4476538612064417
452,0.6678976364554178
453,0.37637648041216765
454,0.7181958282170967
455,0.5224056354244186
456,0.45139601343884883
457,0.8104212283308734
458,0.9459718810309824
459,0.11618009715068633
460,0.9681641184580451
461,0.5800515023229963
462,0.9990962061381667
463,0.3461308088700087
464,0.9385013805443443
465,0.6083543940827102
466,0.29612929694989665
467,0.9459118496609147
468,0.7400615549644635
469,0.7885225700229058
470,0.8392956514800536
471,0.6573739080208314
472,0.4501450454976492
473,0.5033757253829018
474,0.5115400060573098
475,0.06378658010031979
476,0.22948977008586102
477,0.32531076790638114
478,0.3410872577770858
479,0.0871766001953036
480,0.11773854746928825
481,0.4098091139466843
482,0.9917537650341394
483,0.6313353099483455
484,0.8710753586647442
485,0.8766527399789766
486,0.8506940271931678
487,0.8753642818670646
488,0.7869233428882196
489,0.43115253944391296
490,0.7034108754818493
491,0.43953720111477124
492,0.07258621048687242
493,0.8377980108710438
494,0.10073545707945708
495,0.7341948353863025
496,0.9953013385126664
497,0.6595251548753961
498,0.5147032905879709
499,0.05374913290409267
500,0.9683345447609092
501,0.45831054569952856
502,0.03488477086663855
503,0.4494658298561939
504,0.42141193342142735
505,0.6401913864718711
506,0.4725594660704535
507,0.7948299775867864
508,0.8180612481680322
509,0.9373895584013588
510,0.36979830766801036
511,0.06456362190697251
512,0.1838424249453675
513,0.24532192207667491
514,0.0678696886760718
515,0.2937668510793757
516,0.6139889338413752
517,0.5615810141296372
518,0.5812552872912543
519,0.012647892637263514
520,0.5852099923961079
521,0.30161264017355727
522,0.9316887718854691
523,0.44922402493120506
524,0.5290285578294344
525,0.02582496896893538
526,0.32503282406398304
527,0.895032608973679
528,0.23146963859127878
529,0.8955353660918406
530,0.3732225132489756
531,0.7217453583671996
532,0.41003011686815305
533,0.7054501196877556
534,0.5920439857530831
535,0.7408351960574411
536,0.7540857913334659
537,0.20092149106477364
538,0.7387468187599726
539,0.5530655248715804
540,0.2843288962559346
541,0.8731292041244881
542,0.7845148975953501
543,0.24593389381569575
544,0.6510988617590275
545,0.7987288799929991
546,0.838977247206578
547,0.19507845455946482
548,0.5503729328901195
549,0.0613460105010285
550,0.03366973369226489
551,0.889558076822722
552,0.19715624631890438
553,0.40550245301544463
554,0.4106746789305016
555,0.3993041331525088
556,0.4450382286116633
557,0.5573754323220633
558,0.38685095804099234
559,0.14766262007094455
560,0.06851391780997129
561,0.5648628674872899
562,0.1302343703910389
563,0.875500384854211
564,0.6602728647148033
565,0.29703863737834946
566,0.004410764901859765
567,0.4088582265939664
568,0.49979836765949737
569,0.2943410229661376
570,0.7151419078858406
571,0.6895638548020988
572,0.36270058720363996
573,0.6413528451095792
574,0.30678633170417136
575,0.5604542691979857
576,0.28858526894076864
577,0.9089546385552995
578,0.08931585035845846
579,0.7187777067518919
580,0.07145865631802872
581,0.6902269795441733
582,0.3244833461769324
583,0.6805052839312277
584,0.23326737926695984
585,0.24725461672872662
586,0.37861905109674543
587,0.7491667256095867
588,0.2736213292532328
589,0.9855470012188676
590,0.41749849033352626
591,0.0009799946614850175
592,0.28415817762355267
593,0.6729120344587879
594,0.27557344459601363
595,0.46678229581565855
596,0.8007445199750394
597,0.9759643390517239
598,0.8835729387418249
599,0.11905458299543115
600,0.5677154820710197
601,0.5440329268083851
602,0.5538278320590347
603,0.06896898255089678
604,0.5451535984042071
605,0.45239448143926086
606,0.2555424494028703
607,0.8517563641215121
608,0.8074545110500712
609,0.3763285291305901
610,0.4711814581050726
611,0.4276820230250319
612,0.3010807055866117
613,0.31452973281753016
614,0.3863412419243485
615,0.7503706095317105
616,0.34959872133599035
617,0.18564001471967606
618,0.03990516283358725
619,0.3439460218079885
620,0.12681018794804888
621,0.01476804519944086
622,0.4009836487303
623,0.21212499138281993
624,0.36990710248944036
625,0.7375607603333582
626,0.6452344404949565
627,0.1057646463076154
628,0.47312231232958357
629,0.6310191858664547
630,0.06981225082347597
631,0.5793355146561012
632,0.7091391075284129
633,0.5431015019427453
634,0.14274347765491824
635,0.1476531054579736
636,0.1548498716621356
637,0.818443741509972
638,0.684231240620518
639,0.72088131412732
640,0.8576601203644058
641,0.9510266630051432
642,0.3740634559590511
643,0.06310127617352612
644,0.8694017933748203
645,0.5394263733030203
646,0.7826301349131947
647,0.7855926063063642
648,0.09494475945142211
649,0.7640837647752865
650,0.6138311921809079
651,0.055604906954412336
652,0.4331662227228432
653,0.38164935340011086
654,0.7407346772305242
655,0.2232652249842021
656,0.8720685862142464
657,0.8140002796302679
658,0.35171113123529696
659,0.6116999474443942
660,0.4207829559150562
661,0.8274851948130418
662,0.8297443374645141
663,0.8553512632783113
664,0.4506271121218487
665,0.6639733856852763
666,0.7677576758922401
667,0.6761518535648261
668,0.12697343329797384
669,0.4329126020173609
670,0.07365531793081603
671,0.731280374596315
672,0.35262780150182593
673,0.08276233938996336
674,0.5225213660730421
675,0.22980552254522157
676,0.14881639244888745
677,0.23988565926358507
678,0.31808091112784365
679,0.6298929615185744
680,0.1189891603268115
681,0.06434800129519025
682,0.10212585009301156
683,0.5775022815088139
684,0.24063173260144222
685,0.45918067885426483
686,0.1415307374686291
687,0.42772187537706285
688,0.5780942179097448
689,0.06513810180573432
690,0.8906196881618702
691,0.05922625190406172
692,0.5843415028096436
693,0.35484478511864515
694,0.13189059743637332
695,0.9054936589299216
696,0.5165295056531827
697,0.05055974185854839
698,0.16533968047354353
699,0.33099018212378484
700,0.4702796287592167
701,0.2529619002523905
702,0.1790619705200115
703,0.9069951924697015
704,0.659177956282177
705,0.33695798568274327
706,0.40699014271666345
707,0.5298986643984819
708,0.8834828309923447
709,0.980175007121047
710,0.22530769991978405
711,0.8133686791166169
712,0.8198687660676098
713,0.4741345063941925
714,0.7252365326545674
715,0.17069647997943138
716,0.017975391576206423
717,0.8998688982527451
718,0.9586541086130813
719,0.47698752003151523
720,0.1510502151570351
721,0.017413371917732623
722,0.8613766478697441
723,0.5148064575396676
724,0.022584265319266716
725,0.22942884077329917
726,0.38316312640521677
727,0.28500145429050294
728,0.8679224107993726
729,0.25168783327786715
730,0.053441220690738866
731,0.610863868249957
732,0.9189134250943035
733,0.49445675781387965
734,0.3631256240067422
735,0.03973977414067387
736,0.6119647946085928
737,0.7380175736182294
738,0.6559067589241215
739,0.8827307469335245
740,0.6722077760490283
741,0.702439184658573
742,0.6748161643687192
743,0.6956069811139916
744,0.2218798001738992
745,0.5291302143872545
746,0.6249068880039866
747,0.8813057433560896
748,0.4030513102047312
749,0.7838876718604734
750,0.17762615569058438
751,0.005864590776509471
752,0.2156040267219701
753,0.8818804154195772
754,0.714977504609451
755,0.33447235963303756
756,0.5823464767886624
757,0.6731973192650363
758,0.46219744692056985
759,0.8357093214323991
760,0.017405140117074502
761,0.6812595165385197
762,0.7744332532259698
763,0.07377235181200137
764,0.6750128554111237
765,0.657786154753993
766,0.6916534966065221
767,0.5987387716505395
768,0.9825514438260673
769,0.5230516892479015
770,0.053238781043878136
771,0.09575535600937002
772,0.5091296316723606
773,0.13802433748520515
774,0.007447347564429774
775,0.9582175020452792
776,0.7334447660503436
777,0.8253789213131789
778,0.7955955195284563
779,0.5651850845949855
780,0.19522365519110396
781,0.44182717483930944
782,0.8659298935834397
783,0.40368116208837734
784,0.7952542025475616
785,0.12152314458970892
786,0.8945494052258518
787,0.875847909317976
788,0.731101138361635
789,0.34529089054933493
790,0.12125459277229844
791,0.7843555104061414
792,0.3839909514471326
793,0.7167449670931922
794,0.4549100317674908
795,0.45157846325382456
796,0.4660479716766328
797,0.23434631583018273
798,0.7831877586669025
799,0.694336908784942
800,0.018716608512928112
801,0.45991527426131307
802,0.8645018095540057
803,0.3727379373011538
804,0.024260253385229635
805,0.23393586662514487
806,0.38109756522336025
807,0.8620200660637598
808,0.32575016022447756
809,0.6638726725746572
810,0.23901129260144482
811,0.9494735105577237
812,0.1314044678051488
813,0.10512225478325365
814,0.3813999573394121
815,0.7571667618228249
816,0.3599171854667321
817,0.860906831664236
818,0.8157833995034107
819,0.7673080509937955
820,0.2485718418250764
821,0.6775213218211495
822,0.2625431268123367
823,0.4915043003233376
824,0.31232258187378314
825,0.9981394347401933
826,0.8715651692536397
827,0.8295191588625163
828,0.14921792896325603
829,0.6148175527201416
830,0.2483059843457891
831,0.14498056706385798
832,0.05546093286858511
833,0.5298651504270252
834,0.4095965939569711
835,0.1312445053569682
836,0.23628204355842475
837,0.10710709799113638
838,0.3434767438986154
839,0.11032150345656722
840,0.9721639969706772
841,0.9440571319161757
842,0.46455804387105626
843,0.7604020580258585
844,0.7160983898466452
845,0.7939634070570519
846,0.3510326770635148
847,0.48993663172631463
848,0.3802361540539041
849,0.7579912823346578
850,0.46145032971055255
851,0.6703912751739816
852,0.564694287016522
853,0.27635133418419644
854,0.06949519693140127
855,0.6501540866205006
856,0.18748590791373154
857,0.1881499162368544
858,0.2558685455945571
859,0.3614708605567347
860,0.9487440557831702
861,0.12432047470840635
862,0.22487477909923148
863,0.10393705614709192
864,0.3553463081570326
865,0.9722799700819842
866,0.615202887127397
867,0.001450772375159337
868,0.36637495001111997
869,0.1120497550895252
870,0.9663027861990782
871,0.2484263581861169
872,0.9476042169948752
873,0.5600190270785091
874,0.391226417393133
875,0.027767857012152786
876,0.6090364099169228
877,0.731096452644097
878,0.3061348450397604
879,0.17187141193240651
880,0.22585985278053333
881,0.0673650959440496
882,0.5528504348054228
883,0.0879146647536918
884,0.8666947971263042
885,0.19165970025425727
886,0.5641078842079564
887,0.6973569010573554
888,0.07210643077520151
889,0.2638352632428078
890,0.8941941352031835
891,0.6411479325871665
892,0.20678134577666307
893,0.06558142751735352
894,0.1805088360280459
895,0.6345992491044815
896,0.055039198576663395
897,0.933380343597381
898,0.5911951532655827
899,0.9520650782284586
900,0.46915181113043203
901,0.08653048771180538
902,0.9149239078727442
903,0.09337095991139932
904,0.21916227091377605
905,0.18792733888450608
906,0.30587611692885486
907,0.9437635882375365
908,0.6670456986389587
909,0.801454073082037
910,0.5460351310028655
911,0.3252410876567322
912,0.6143756043239301
913,0.9866635268851404
914,0.9236180531003582
915,0.8324045990549177
916,0.2724497592745849
917,0.4776890824984573
918,0.14531735282204417
919,0.11827372768488265
920,0.9338421047224905
921,0.3666251013766393
922,0.04356959038842334
923,0.34861567639128066
924,0.0433240555173281
925,0.3402851778929378
926,0.8863893271061619
927,0.2537285747244329
928,0.7470282817047185
929,0.6692047860905579
930,0.40789360037694955
931,0.8541676151343435
932,0.8949601913737416
933,0.70980135534443
934,0.5612260186284881
935,0.16657010822611396
936,0.18125921453861193
937,0.8920994974926933
938,0.2541387974556125
939,0.01182189539247791
940,0.3890828510271769
941,0.4194222381486312
942,0.6482571095114021
943,0.0503811263312387
944,0.542214638344984
945,0.019145448382733576
946,0.9770787483861362
947,0.47778543663372663
948,0.3914097536176582
949,0.7856082289993029
950,0.7556764206784933
951,0.11832419453123189
952,0.25077728775902675
953,0.8930869537208492
954,0.6004090445148099
955,0.5944121734123677
956,0.19537475955591466
957,0.6833407920082832
958,0.4968518257037864
959,0.14667488991194555
960,0.6270850439149308
961,0.46555097607260354
962,0.0018386058599770827
963,0.09815470062670861
964,0.7478230637211284
965,0.9910728824041449
966,0.8175542843742079
967,0.8482687563083116
968,0.3118398717392974
969,0.5248573912339781
970,0.10667062551883211
971,0.39032998021893317
972,0.3452087328462333
973,0.6370441436364399
974,0.7008927189002329
975,0.15570407863762137
976,0.9118205480867441
977,0.3733984532957847
978,0.5763523721870454
979,0.7937306999990286
980,0.39289645674931284
981,0.32624024928562734
982,0.7317748499971026
983,0.09322759449693507
984,0.6095960210227682
985,0.11684621783205795
986,0.19582110234623917
987,0.21396750728475866
988,0.7899177364968784
989,0.3670532386597718
990,0.3896308522581947
991,0.15761582006806996
992,0.6243079397845228
993,0.5864723052293245
994,0.5026770962000815
995,0.4176086964630453
996,0.16263921576239837
997,0.7539980968564145
998,0.8934805336524939
999,0.31060466140865617
1000,0.39602402686072635
1001,0.9507504642935303
1002,0.9433612139344203
1003,0.6663536829092392
1004,0.1851099095815404
1005,0.4552796436073653
1006,0.9854042359048056
1007,0.6326963468741711
1008,0.23238430152511136
1009,0.2654868949138437
1010,0.5789970082691999
1011,0.41310039838147705
1012,0.585632676523881
1013,0.24223673354529174
1014,0.9338558051997016
1015,0.35325642071775143
1016,0.38441288752503333
1017,0.8468319959448785
1018,0.6936234210361587
1019,0.23009834480080804
1020,0.7213303208731925
1021,0.6267946480750257
1022,0.05607430789171031
1023,0.4705651181146763
1024,0.36785438694025463
1025,0.20298318207557942
1026,0.18431529841142769
1027,0.30278802426301177
1028,0.22709903322809377
1029,0.21760465778170168
1030,0.849712102920754
1031,0.8210642918074238
1032,0.8337801352176246
1033,0.8909864302624441
1034,0.4783340054491707
1035,0.5293906045572692
1036,0.9809847371504425
1037,0.787539639397754
1038,0.056393553174059585
1039,0.35075867754862566
1040,0.24690847521291925
1041,0.36424679975171936
1042,0.8155857511694649
1043,0.15140967470958644
1044,0.1270229506868802
1045,0.22989088134192603
1046,0.1996696099149181
1047,0.09124396867727402
1048,0.040230555252567135
1049,0.0995511937387763
1050,0.6496406347199383
1051,0.06914624349872323
1052,0.577588617059296
1053,0.3169086348037843
1054,0.6100519732937263
1055,0.31000609892497477
1056,0.8272321229458656
1057,0.0785681081935865
1058,0.849533352922461
1059,0.9575838392097897
1060,0.8090750135317498
1061,0.7672763643394636
1062,0.7042810868350927
1063,0.3718855110246203
1064,0.9744766399246556
1065,0.96438339365694
1066,0.3721801050935113
1067,0.5602366204732979
1068,0.20254843235493558
1069,0.6482552990398882
1070,0.7961247212799408
1071,0.009339757090493173
1072,0.415180075115394
1073,0.4980680477071041
1074,0.01134323810995197
1075,0.8130112631181672
1076,0.537718645549387
1077,0.6041497892916498
1078,0.7820484225915396
1079,0.6308543298471635
1080,0.1685071346054614
1081,0.2843381039189917
1082,0.6193398152781348
1083,0.4515835193938881
1084,0.5002048889078029
1085,0.38410854330491384
1086,0.46429826056008816
1087,0.9254617059624797
1088,0.0900441687646305
1089,0.4444536429639818
1090,0.8678536712806266
1091,0.2988631058665817
1092,0.30534006096110655
1093,0.9426185083431796
1094,0.17477686127473635
1095,0.1752871622710751
1096,0.5759728612230517
1097,0.8290418847308654
1098,0.732717950512802
1099,0.40301714216109796
1100,0.1243389541307951
1101,0.4348627791158737
1102,0.02423166926105791
1103,0.5818259156627774
1104,0.742186852104295
1105,0.8884520366603978
1106,0.8449461361077295
1107,0.16155740169780253
1108,0.8756858454435767
1109,0.673024487161795
1110,0.6296633332499262
1111,0.7263538743607982
1112,0.19389471889546306
1113,0.36736738732238794
1114,0.7384038137736086
1115,0.6254141859083131
1116,0.9172781102741494
1117,0.4695306284050368
1118,0.536336127879078
1119,0.1564296328693504
1120,0.21183530411486495
1121,0.443984751665753
1122,0.8182356702856953
1123,0.10360219440195861
1124,0.950149223686439
1125,0.8876007579871005
1126,0.30753921688406627
1127,0.3396483448368207
1128,0.4311631420495037
1129,0.8722962881160631
1130,0.3020682412977366
1131,0.9797926887818738
1132,0.16253090717252672
1133,0.8348999166985241
1134,0.652800249530299
1135,0.7676737924648647
1136,0.4217216416333581
1137,0.3342990910228725
1138,0.659467309255599
1139,0.7399096333111652
1140,0.9096117549917633
1141,0.030831576383122283
1142,0.04156320841852923
1143,0.665529456829661
1144,0.3590396898749303
1145,0.16938942647268906
1146,0.9590121705001097
1147,0.995483982683474
1148,0.4911102221356428
1149,0.17552524778240242
1150,0.8078490167220223
1151,0.18797258815887707
1152,0.8903450938666634
1153,0.14567169833351334
1154,0.21056800798475828
1155,0.2843511156494276
1156,0.19187446133389374
1157,0.8972337834824714
1158,0.20904652556933978
1159,0.38028488373347025
1160,0.5151703745461471
1161,0.5651647468619938
1162,0.014913632205994731
1163,0.871780775187072
1164,0.5840323316795617
1165,0.7469582454728376
1166,0.5217903908013752
1167,0.029524198336488006
1168,0.6920535112325982
1169,0.9383221736373389
1170,0.10675724110420415
1171,0.3876021768725383
1172,0.7412084910949653
1173,0.3555733492826474
1174,0.24372017449774774
1175,0.7835539149980707
1176,0.18787375874979284
1177,0.17506883722141509
1178,0.0684934805756322
1179,0.2444761316633446
1180,0.8219300297459234
1181,0.5978487356274673
1182,0.9964179209654229
1183,0.6820966261461588
1184,0.05393179521287317
1185,0.13843466604262444
1186,0.7251915707765337
1187,0.7441764365593151
1188,0.2918192002403759
1189,0.6022425715587107
1190,0.5551290674094438
1191,0.8511232479955951
1192,0.03994742832516296
1193,0.5756305797499972
1194,0.8892172266732327
1195,0.5113672467832876
1196,0.4930052413686419
1197,0.7791750151098614
1198,0.515199792317546
1199,0.28254532727410286
1200,0.06951072797335567
1201,0.3751373439320538
1202,0.9405122619447844
1203,0.7403655638596938
1204,0.5053688805690971
1205,0.8656629562199117
1206,0.06340218872046732
1207,0.5201949530056817
1208,0.41037991828971465
1209,0.027251823970666833
1210,0.6271322151998487
1211,0.06107400746529912
1212,0.5098644225026678
1213,0.011220483762079625
1214,0.22449171256162093
1215,0.5467337536179305
1216,0.0736740919686284
1217,0.14584329598997492
1218,0.7025523331551466
1219,0.6713525688834101
1220,0.9412062826841616
1221,0.22569945878932574
1222,0.22822942905910937
1223,0.13405770927782512
1224,0.7080981409834847
1225,0.6818509232659894
1226,0.5382085235241837
1227,0.2653088408052382
1228,0.1055235632454955
1229,0.5009776876500164
1230,0.8247961278921547
1231,0.8687039144581297
1232,0.4653046921176821
1233,0.3674358985246602
1234,0.21202711310313394
1235,0.685983337653163
1236,0.4462299416015588
1237,0.6357605118797197
1238,0.973249287340697
1239,0.5283677016315239
1240,0.0666153758121415
1241,0.2424977544567427
1242,0.460390202311904
1243,0.15738838117441123
1244,0.5587509436522811
1245,0.9945318542176422
1246,0.9949415014903091
1247,0.9336023364285156
1248,0.32933819304160095
1249,0.694291031938197
1250,0.5674031643660541
1251,0.5103987602573077
1252,0.02253156333454931
1253,0.3696799033013446
1254,0.12031182469200252
1255,0.16889522611980945
1256,0.610427675671789
1257,0.7505313273569164
1258,0.7651885743943478
1259,0.662080150029357
1260,0.25633530141271577
1261,0.7867255091466334
1262,0.8066841136855498
1263,0.6846691623507473
1264,0.5552053855342501
1265,0.6517725422661778
1266,0.48356378585612825
1267,0.7298712009637764
1268,0.2130425715896369
1269,0.6186473727590212
1270,0.7943016313119265
1271,0.11415100120066468
1272,0.7499717055168892
1273,0.022343277158133557
1274,0.9467008527828714
1275,0.9391756557917085
1276,0.37888005081807263
1277,0.8982458842819222
1278,0.10086433330823963
1279,0.4830754334647931
1280,0.24304536977234092
1281,0.6837788437787652
1282,0.6925883829341455
1283,0.7679277848752469
1284,0.6878890538382582
1285,0.910019129403066
1286,0.11130958765631194
1287,0.5818302215509482
1288,0.5140380434330803
1289,0.18644410580640136
1290,0.7477036149366382
1291,0.09110523568417506
1292,0.18361587052601547
1293,0.7354749430947886
1294,0.8510692454039586
1295,0.3506816105168905
1296,0.525679143613784
1297,0.45643394290765016
1298,0.13374175888325168
1299,0.3675733323762015
1300,0.8126198373180185
1301,0.9349965260075529
1302,0.6425473834838954
1303,0.9441516682688381
1304,0.5612222703324525
1305,0.38298437849808376
1306,0.1089821315362961
1307,0.41787866792043216
1308,0.06259329417797677
1309,0.7201353398870434
1310,0.7148440770242541
1311,0.14615849559143845
1312,0.2208031297907923
1313,0.8675972108366566
1314,0.6857034706943852
1315,0.4091790819433415
1316,0.5535323381262248
1317,0.42018707410276124
1318,0.024154790232583156
1319,0.8391368895307014
1320,0.5050384024280227
1321,0.9218966104961018
1322,0.6620182666232193
1323,0.9275800426197973
1324,0.490455432519592
1325,0.046498424454999965
1326,0.6675249876747515
1327,0.49826475179235585
1328,0.5344526633033243
1329,0.6722042437361715
1330,0.2370137908031229
1331,0.8493004046508683
1332,0.7424610927142319
1333,0.0855896801499737
1334,0.04343303198199955
1335,0.3415412177671745
1336,0.1034664759224877
1337,0.15484863541559124
1338,0.24582047478573232
1339,0.13292421795974607
1340,0.5384522692546946
1341,0.8218464689047675
1342,0.6634147374005964
1343,0.31216194936785335
1344,0.22736258207095283
1345,0.6274273109655624
1346,0.30291748202194047
1347,0.19230078846049703
1348,0.3768629109745778
1349,0.7500547645241353
1350,0.2089325840682198
1351,0.21930473934469386
1352,0.01988620468324942
1353,0.7705505871381713
1354,0.4126860274444142
1355,0.2656559922438475
1356,0.6135517964394924
1357,0.9445077513012589
1358,0.36663075207974916
1359,0.025952673858252062
1360,0.5255952361648161
1361,0.7076079113806079
1362,0.07599001831164931
1363,0.6577638635226457
1364,0.341318658231312
1365,0.20013603759987775
1366,0.1736300847845864
1367,0.05539969609840245
1368,0.9483442680031383
1369,0.8633066524723083
1370,0.2879833407646788
1371,0.2986659862144654
1372,0.3306692676576526
1373,0.08187216172312983
1374,0.33662693992777937
1375,0.42984897580014636
1376,0.39993777479059733
1377,0.9426008146614324
1378,0.009224748807928118
1379,0.4673947170350521
1380,0.07119017834246288
1381,0.04011373569315557
1382,0.556823732225545
1383,0.515036279004615
1384,0.4828860117363054
1385,0.4138733510133067
1386,0.21659421296217019
1387,0.6931648919941725
1388,0.012065681310022058
1389,0.07188689375378599
1390,0.8865004981488723
1391,0.29502122232514083
1392,0.6624536844081566
1393,0.429854354266166
1394,0.29337269502415253
1395,0.3166328727389486
1396,0.9406330429517393
1397,0.2530434486634464
1398,0.9275236353054109
1399,0.446589406109531
1400,0.31073098352840434
1401,0.29847588268891745
1402,0.5710039352015144
1403,0.7821696604048197
1404,0.12080338900512733
1405,0.017634028185785078
1406,0.7321357705579039
1407,0.1585935423111937
1408,0.9933510292594304
1409,0.14157149589934903
1410,0.23750570974723584
1411,0.7976351630381198
1412,0.16707767478230962
1413,0.9239543015948114
1414,0.5982551461649546
1415,0.4760853458569947
1416,0.4954687465329104
1417,0.3981959680932917
1418,0.1320368279727948
1419,0.7409207013463444
1420,0.02350981386580908
1421,0.4399908181179215
1422,0.2166489593833565
1423,0.7963145716693119
1424,0.8524565480018785
1425,0.1426769182229337
1426,0.5909939272795173
1427,0.02446096771953188
1428,0.08931447025116312
1429,0.3416013221023225
1430,0.3437990519979801
1431,0.7753081066216313
1432,0.9092775324237599
1433,0.8548773231740637
1434,0.11194113234724468
1435,0.9420224875740694
1436,0.21974162824546495
1437,0.6503670851273143
1438,0.6867071243033349
1439,0.43759356928311
1440,0.04350302752506152
1441,0.8400371802674216
1442,0.9386469508633861
1443,0.01871557767536769
1444,0.9265688111839137
1445,0.7330467243125827
1446,0.48450338958242034
1447,0.08483264363032084
1448,0.6130389393011962
1449,0.6618535195218422
1450,0.822752628857147
1451,0.6784505964227614
1452,0.8019815903442853
1453,0.8015770084156256
1454,0.36543304403947197
1455,0.5715943443678313
1456,0.5506413098291073
1457,0.5163578560847235
1458,0.9353551711944661
1459,0.14371206076098497
1460,0.7099790795832284
1461,0.8760234774063674
1462,0.13282732717491763
1463,0.6775699105024987
1464,0.9785464382166627
1465,0.4504393705904013
1466,0.008309841219055092
1467,0.12472020383633842
1468,0.6874958048706558
1469,0.1637517586754117
1470,0.15403758929468936
1471,0.720692560031282
1472,0.8640330502856705
1473,0.553402762577841
1474,0.7535771139771212
1475,0.46009753923478713
1476,0.6026709326037716
1477,0.565018959022941
1478,0.8527137184081919
1479,0.8096696141063222
1480,0.7668038970065226
1481,0.538327254224227
1482,0.5423713864321302
1483,0.4055082573291843
1484,0.3054501297984993
1485,0.5387645677518388
1486,0.8784964062105398
1487,0.07222424841395192
1488,0.8799145122768725
1489,0.24718947556271853
1490,0.9027591206096118
1491,0.6330952574709247
1492,0.20310132699760508
1493,0.4473634902595113
1494,0.2586445459023211
1495,0.031138244971766316
1496,0.3105174772593272
1497,0.9878468334426521
1498,0.7588999514168732
1499,0.17265511530029864
1500,0.5900225626902864
1501,0.13325692647057918
1502,0.5199430505861844
1503,0.2226520125201138
1504,0.8959508588834713
1505,0.1304521640715599
1506,0.4529600377816999
1507,0.44151343723564607
1508,0.3120102964568403
1509,0.14281465277046135
1510,0.3064866948016435
1511,0.42545133593679796
1512,0.49309705374797774
1513,0.6375254905547193
1514,0.22255906332226782
1515,0.47110661151515876
1516,0.521580619393828
1517,0.36420447864597216
1518,0.3170500165238056
1519,0.6071552756076817
1520,0.7367210434492467
1521,0.04781156023245281
1522,0.004885322206820031
1523,0.04128269824419528
1524,0.3086995942330354
1525,0.17710832319733272
1526,0.44599213702165874
1527,0.8343469855960884
1528,0.9704576804557509
1529,0.9346896616139918
1530,0.4863019044730953
1531,0.13674682184570897
1532,0.0176168770327072
1533,0.7975160341745636
1534,0.5860155413283387
1535,0.8784756815352318
1536,0.7292016152072386
1537,0.9602853495376362
1538,0.9949610115653179
1539,0.789249357263093
1540,0.5110732278210277
1541,0.5909839414297967
1542,0.599480519599336
1543,0.7340826949277988
1544,0.8714691615404797
1545,0.28351647322168316
1546,0.24579158929534095
1547,0.010357843836454106
1548,0.6887601014351851
1549,0.165704996420444
1550,0.08801390531025255
1551,0.269744206585101
1552,0.4296772548734713
1553,0.7594918516158305
1554,0.5534378230949071
1555,0.23845359510411923
1556,0.9815210157814034
1557,0.014992760657968951
1558,0.47409308899524494
1559,0.05346452926766543
1560,0.35939932696159194
1561,0.8136982115704433
1562,0.6649047150008942
1563,0.2626225781258633
1564,0.9176835766381437
1565,0.3724686644243347
1566,0.4669782687369478
1567,0.4365057447352887
1568,0.5195872509861754
1569,0.9990788795261285
1570,0.2240352197596177
1571,0.9462404054744142
1572,0.5318405404682883
1573,0.24574349675622986
1574,0.3290455528549834
1575,0.18609229153303852
1576,0.9599420389119919
1577,0.38258775047820603
1578,0.9602274789903436
1579,0.2889070443165185
1580,0.584833036086682
1581,0.34706034036607225
1582,0.9506208427466889
1583,0.3722646644598764
1584,0.9948060978802579
1585,0.2701353083966598
1586,0.279876270274826
1587,0.08541667658887864
1588,0.7447657310006299
1589,0.9732304788126742
1590,0.3793611059257219
1591,0.630030632596218
1592,0.3871396646268781
1593,0.518559603414221
1594,0.6639923112202327
1595,0.17127842550838468
1596,0.6815635421945977
1597,0.38901134951729555
1598,0.29541506453064825
1599,0.3906041216943845
1600,0.9835621766977658
1601,0.021565057211869187
1602,0.34310806292104123
1603,0.8977982416387842
1604,0.03849677196141166
1605,0.7018975200794867
1606,0.6645263020659727
1607,0.7296857532224578
1608,0.8073642143531956
1609,0.594658366184318
1610,0.29223870984559186
1611,0.777359633874155
1612,0.12399819160650805
1613,0.16340639328277862
1614,0.30073968649221294
1615,0.4850095923168011
1616,0.7803084347170267
1617,0.21805622119085444
1618,0.5559956244258696
1619,0.9282970939289603
1620,0.2989616198613413
1621,0.6725368309028203
1622,0.33419393493379
1623,0.8231606440381238
1624,0.5041661536542851
1625,0.4219109149735941
1626,0.23126823227782078
1627,0.7789445240490821
1628,0.9901555618994875
1629,0.9457786730624272
1630,0.5629775564436984
1631,0.47783432152502603
1632,0.8524536450151607
1633,0.6923507831210933
1634,0.33684460624795665
1635,0.8067034548436723
1636,0.16354776860747078
1637,0.44194626123085967
1638,0.6799557382037056
1639,0.11118153452932333
1640,0.6545943445237038
1641,0.7672118717362425
1642,0.9552442596138679
1643,0.44958991191820585
1644,0.599963437360182
1645,0.2825785693759201
1646,0.31045399874243984
1647,0.06598350511912687
1648,0.9283482518037497
1649,0.4734854482810694
1650,0.16347521982950353
1651,0.7561113392519184
1652,0.589254946223519
1653,0.4339891612050436
1654,0.06838707803885402
1655,0.6099435246677724
1656,0.19057192159711078
1657,0.7977453836679401
1658,0.48689545413182356
1659,0.22192637128628312
1660,0.40651879795576207
1661,0.7857207651788917
1662,0.017593385600841005
1663,0.8567473698085758
1664,0.553749002892852
1665,0.23843970833632266
1666,0.12357758373468464
1667,0.2826114964435684
1668,0.010521994338217988
1669,0.4903396571339673
1670,0.00400484293495984
1671,0.9266993907025205
1672,0.7078203166071579
1673,0.4999901803283445
1674,0.472759046445407
1675,0.07535936134523846
1676,0.9981630094155872
1677,0.3496336292474823
1678,0.5915841965822829
1679,0.9647937521369061
1680,0.3690606176026754
1681,0.7118589891150843
1682,0.9086887259853992
1683,0.6688866543652392
1684,0.7607385913245651
1685,0.07562501374005881
1686,0.7297518467010297
1687,0.05523376814949821
1688,0.7538206278338575
1689,0.10881302144785521
1690,0.2751446501730884
1691,0.411974698571541
1692,0.4820348903520736
1693,0.44503632882979727
1694,0.30868864319601497
1695,0.4495207543674198
1696,0.5419590668877257
1697,0.5839902127479646
1698,0.7558998671233488
1699,0.6101594679599492
1700,0.8791566292828689
1701,0.516220070533337
1702,0.34264769512141746
1703,0.20430419852429305
1704,0.9695552910730957
1705,0.4509409843363772
1706,0.404941911290595
1707,0.4183528652758115
1708,0.7495112563443315
1709,0.44509367583721526
1710,0.7762042864650263
1711,0.8413975410925473
1712,0.4306028867423056
1713,0.10924505211369573
1714,0.32059098536433017
1715,0.01733076983033488
1716,0.08361068212411982
1717,0.8941519848945307
1718,0.7530663411993868
1719,0.3077553953678599
1720,0.15299803582995375
1721,0.7643307839009882
1722,0.7696244721465452
1723,0.08548173214227661
1724,0.15039371465271234
1725,0.9782794888692855
1726,0.6544976406790385
1727,0.4123369163189331
1728,0.5452608968528695
1729,0.6391444688109843
1730,0.7762816829882172
1731,0.23365171876524393
1732,0.6560891194633953
1733,0.3308004688912012
1734,0.8468237215724386
1735,0.31534193950158473
1736,0.6293961922531754
1737,0.5687650615789223
1738,0.8296624062196871
1739,0.9299106261446805
1740,0.09091939086518741
1741,0.09514961752910678
1742,0.3581133798394638
1743,0.30664171960460174
1744,0.12693772910135337
1745,0.8229178519487955
1746,0.9588579539199342
1747,0.7152777600588364
1748,0.1719413422412206
1749,0.08170052884583645
1750,0.12760697322947612
1751,0.3582314810345848
1752,0.8145512132226842
1753,0.24932544207830443
1754,0.6948466458393984
1755,0.06645019171255173
1756,0.2419043462945627
1757,0.827965927092725
1758,0.40384441504339663
1759,0.196631451577849
1760,0.8298950067919918
1761,0.612368960552988
1762,0.25143104283214035
1763,0.03267803431143812
1764,0.3787514166742535
1765,0.6377813347239628
1766,0.8064599570913549
1767,0.3537339775317656
1768,0.44996291850796477
1769,0.441178766551966
1770,0.49984655383849974
1771,0.2222314192772562
1772,0.9698586051589372
1773,0.23798285104285777
1774,0.668583864736531
1775,0.08551551793357082
1776,0.1785295672689251
1777,0.6894051888885101
1778,0.07873752849522186
1779,0.135592746938058
1780,0.16459572406619316
1781,0.9231738282761808
1782,0.9630233754970158
1783,0.9036129059330527
1784,0.7143191260810049
1785,0.6063125028041004
1786,0.028576660022147427
1787,0.4191451202271942
1788,0.5730168655536343
1789,0.5506355370018765
1790,0.15473327127923375
1791,0.6752831640321734
1792,0.3260938441122252
1793,0.2745805438140485
1794,0.9846052786608668
1795,0.43214001333065666
1796,0.6487589613744031
1797,0.22045260954118495
1798,0.4477465578672708
1799,0.31800550312897613
1800,0.5309060088484354
1801,0.5522663232473414
1802,0.5531538440387802
1803,0.5997556161748021
1804,0.2753100704250431
1805,0.4896368764891975
1806,0.899198287781444
1807,0.7098354835803176
1808,0.40919423659611687
1809,0.08502733702963394
1810,0.8312456334398758
1811,0.8978077411125777
1812,0.9846955923932287
1813,0.9552529992893857
1814,0.05183108240592171
1815,0.9413580693007588
1816,0.3880571773016547
1817,0.12700497139015865
1818,0.8413704321552977
1819,0.028902881207274023
1820,0.25540746439727213
1821,0.22293108115102245
1822,0.36807281857088203
1823,0.7155291255188996
1824,0.379073468030097
1825,0.8972111420990126
1826,0.814677798530143
1827,0.21858041014478202
1828,0.7065766017145262
1829,0.31163671746919075
1830,0.23260430956758804
1831,0.9442360225056571
1832,0.46921702796406684
1833,0.6846391610899616
1834,0.5121659450025151
1835,0.042989200093951685
1836,0.04144171837956545
1837,0.531490929566463
1838,0.734622789042705
1839,0.6751692975687088
1840,0.8171661839942979
1841,0.07616613107897552
1842,0.519066513616635
1843,0.9982475761221807
1844,0.6780234190777172
1845,0.6076467279430157
1846,0.36220164495037666
1847,0.6348263072682603
1848,0.5005781028498971
1849,0.15392952569062035
1850,0.6847676859558177
1851,0.7741798882915879
1852,0.08667785909791192
1853,0.5069527313270917
1854,0.5837394825166995
1855,0.6852307352452953
1856,0.7900593301951855
1857,0.10426285108422095
1858,0.11640122111197582
1859,0.5862115819643233
1860,0.26520641520068755
1861,0.4995054817899026
1862,0.18717061632751686
1863,0.8070620560907847
1864,0.8328265702516414
1865,0.9833985991836838
1866,0.5996617864600171
1867,0.42543119508215965
1868,0.7742852943299002
1869,0.01850636372845993
1870,0.6087882735705114
1871,0.6465509416905156
1872,0.017972904669351086
1873,0.21651337601605702
1874,0.28606464440385104
1875,0.761102023641102
1876,0.5166504631871968
1877,0.7080436970208008
1878,0.3224452966343112
1879,0.4544447143980409
1880,0.06613922640634717
1881,0.32285703012446365
1882,0.2336837746362177
1883,0.9935861196839545
1884,0.8820447831539312
1885,0.6670819571025685
1886,0.23979830031350924
1887,0.7953720987700944
1888,0.13087684656880327
1889,0.48051393972612955
1890,0.25330142775332365
1891,0.927991606069747
1892,0.4433523084647196
1893,0.8058612155537409
1894,0.9871261208778751
1895,0.627085483370567
1896,0.15477712171949498
1897,0.35016808397268817
1898,0.3736868445530743
1899,0.6987529586602554
1900,0.1336295242873189
1901,0.2842199810565569
1902,0.9292763045365968
1903,0.2608093137716757
1904,0.8806070056438237
1905,0.2531199606111536
1906,0.20747613253413155
1907,0.7664215508634602
1908,0.10052199396248762
1909,0.2831427997135756
1910,0.620468284984017
1911,0.15379878402532687
1912,0.45025029519542936
1913,0.22912362508476602
1914,0.32403934981547755
1915,0.8986696593400371
1916,0.5592812738937751
1917,0.9513998032225625
1918,0.46539687963045384
1919,0.5484760880699034
1920,0.368783805138324
1921,0.39964858638841094
1922,0.566733088706605
1923,0.8879160060224394
1924,0.002928321160750924
1925,0.22609923529794973
1926,0.5111085399341703
1927,0.8580281808711846
1928,0.923346655103073
1929,0.3220270401682175
1930,0.9593189194520927
1931,0.17316376553052037
1932,0.09855137506386591
1933,0.9747337608783153
1934,0.7786593398681202
1935,0.9249085274975997
1936,0.18777625147303934
1937,0.06454457987940976
1938,0.5332745972448691
1939,0.17954229918336506
1940,0.4141919236998104
1941,0.06571996487553111
1942,0.1694282652218303
1943,0.7765348381523257
1944,0.38322137740479634
1945,0.8111788318890083
1946,0.5487064612013935
1947,0.4555124036240368
1948,0.18094720966412092
1949,0.8864846123622748
1950,0.7162264546369259
1951,0.8389114427642254
1952,0.5426282061549688
1953,0.999210945821525
1954,0.7590620538060041
1955,0.3128150180544046
1956,0.511061023901097
1957,0.7311855648977368
1958,0.5314967176750296
1959,0.5967042567836054
1960,0.35463775546592124
1961,0.8608050861197843
1962,0.8316317002251103
1963,0.010276175007752242
1964,0.03182785890491502
1965,0.5547096591153172
1966,0.9642508087348042
1967,0.9738589002393704
1968,0.3952940891184997
1969,0.9093380167932549
1970,0.2996362506720509
1971,0.047697151801219695
1972,0.6435679696088173
1973,0.49218606115499075
1974,0.8194082264905316
1975,0.7941194542571369
1976,0.204112919727217
1977,0.6777916554515572
1978,0.220128953686489
1979,0.5215076266386065
1980,0.9254902606271505
1981,0.8001687465556911
1982,0.4211962848220031
1983,0.23555204184131395
1984,0.047779581039640195
1985,0.9256246169485849
1986,0.9604533755118744
1987,0.5543269661065736
1988,0.8508976565238335
1989,0.4779974489124619
1990,0.4358709887356026
1991,0.6658786796865861
1992,0.18445449295960847
1993,0.2760829210325203
1994,0.7895695854064664
1995,0.058695926207151805
1996,0.9874081524780998
1997,0.7545742148515949
1998,0.7565326797767613
1999,0.7066901124878625
2000,0.23674278189635267
2001,0.2698263051780858
2002,0.7566906993101475
2003,0.6314670150641601
2004,0.06542385362931835
2005,0.02318552022202336
2006,0.24088874729930332
2007,0.6505630108576499
2008,0.18074192617331708
2009,0.3759634356172774
2010,0.9305225870032168
2011,0.25332724769634507
2012,0.3878922067006264
2013,0.4699851596949205
2014,0.9747315199877128
2015,0.32387523455674616
2016,0.18424836606525086
2017,0.20990864742584725
2018,0.03210603142124269
2019,0.18149933639399107
2020,0.028926592439715293
2021,0.36108778277242726
2022,0.9241022755093978
2023,0.03908429523974355
2024,0.7631619889277036
2025,0.3579378677674512
2026,0.46046084993388847
2027,0.7794545621945425
2028,0.6282526796591349
2029,0.4991610330910914
2030,0.1940689934964559
2031,0.7667506214053809
2032,0.022453590512021004
2033,0.1794658441923337
2034,0.20489925741795967
2035,0.6554050987264755
2036,0.11383502098030851
2037,0.5575377131194924
2038,0.5229587020722083
2039,0.6216093514550101
2040,0.3967485737256411
2041,0.345539772832984
2042,0.008466559151036668
2043,0.13219254279022297
2044,0.27229590781604407
2045,0.841771310386888
2046,0.265712232333441
2047,0.6854513535047024
2048,0.017883859077598707
2049,0.6368667979116425
2050,0.06559432521468567
2051,0.7774784120003934
2052,0.3413787375639875
2053,0.9582208728696192
2054,0.9748135883926761
2055,0.9427299106954931
2056,0.17295796866340618
2057,0.2941849976348071
2058,0.5075106664823441
2059,0.3625485714990383
2060,0.6078614886032814
2061,0.8069816218798589
2062,0.8194638654530073
2063,0.6383252796436208
2064,0.871138365256154
2065,0.23117917895069018
2066,0.37003978346778743
2067,0.9748905437209433
2068,0.37107360074142026
2069,0.9297227846306809
2070,0.3285165053665393
2071,0.5734236556154391
2072,0.8046562863229517
2073,0.3169497072870777
2074,0.009066793936833295
2075,0.6412011503268688
2076,0.8330804968003606
2077,0.9672571781363484
2078,0.2802277601418942
2079,0.6642730282994957
2080,0.5078458243865589
2081,0.007710977304240085
2082,0.5600327028225103
2083,0.5618531049171906
2084,0.48308806837293083
2085,0.8690640401771648
2086,0.4556506040780356
2087,0.2886165161424511
2088,0.855087616690679
2089,0.2886735887948493
2090,0.8955649787758266
2091,0.8164196115108006
2092,0.459213922661012
2093,0.8650740610023261
2094,0.503054392048302
2095,0.7004632004727891
2096,0.06639848492623046
2097,0.9458200162230542
2098,0.4863515408412763
2099,0.15636256604597076
2100,0.19793297924006137
2101,0.10827374645874732
2102,0.5622558260901451
2103,0.7539516553824251
2104,0.19785103639929325
2105,0.03940860130148882
2106,0.4189401232576305
2107,0.8676685245615907
2108,0.41782085134288216
2109,0.6487889495682709
2110,0.9983814730202333
2111,0.7181242116456735
2112,0.6716579907106053
2113,0.7815987136345256
2114,0.5027119946053076
2115,0.0756139710909679
2116,0.15056980194178327
2117,0.2452429752401385
2118,0.06042159577551354
2119,0.88904165640172
2120,0.9421284030643613
2121,0.5879306082202378
2122,0.5154668772201969
2123,0.07167488648820053
2124,0.1275219559098012
2125,0.06423644642525583
2126,0.7321637626950075
2127,0.5584928386861651
2128,0.42756989129114475
2129,0.011797197533721993
2130,0.5214694838289666
2131,0.14231316057781906
2132,0.7783116428478822
2133,0.1700678634477627
2134,0.12190413456336946
2135,0.4146651840995824
2136,0.9264302530042121
2137,0.1704525294890603
2138,0.1275796847805719
2139,0.01730071620337925
2140,0.7290400899725464
2141,0.9569746846603898
2142,0.6406835827502904
2143,0.6982724152198194
2144,0.539443476785041
2145,0.733223394213274
2146,0.6749360971083891
2147,0.25816984338204785
2148,0.5585938564017516
2149,0.058868182951467785
2150,0.7245716016810713
2151,0.38347794447211736
2152,0.38689926504498706
2153,0.47447181141754413
2154,0.22500076499420396
2155,0.13460859468696806
2156,0.2607018817150435
2157,0.5997449931875765
2158,0.9714033680182331
2159,0.07011086838675684
2160,0.3509310825660529
2161,0.9831674210141345
2162,0.1415511785914958
2163,0.6812834921899404
2164,0.7681459558111198
2165,0.05538475413032806
2166,0.3938461218743683
2167,0.21412830429630225
2168,0.04410846734471563
2169,0.908767755732401
2170,0.714936328501971
2171,0.7597709113923728
2172,0.6359718973087833
2173,0.39162268487134866
2174,0.7843190256901474
2175,0.25433802269420813
2176,0.8939078632761863
2177,0.4631528638865231
2178,0.7621687997535648
2179,0.6427736205031584
2180,0.5581077907401156
2181,0.07335448939041744
2182,0.6245990234807792
2183,0.16804468283126917
2184,0.8672421019929769
2185,0.8422654536946079
2186,0.23393850286414897
2187,0.9640112406250247
2188,0.5516008930442776
2189,0.22905372115462475
2190,0.5902082844616836
2191,0.8166548135906896
2192,0.12141778136171255
2193,0.11414515027492678
2194,0.9006224834934974
2195,0.2901050943595559
2196,0.7429608735664858
2197,0.18394468542077336
2198,0.03622580610938719
2199,0.8855998181751761
2200,0.19021870603845636
2201,0.896903340536807
2202,0.05728416134659031
2203,0.10146798513656496
2204,0.7954286302446447
2205,0.26199657141964083
2206,0.3823243688661909
2207,0.2584566300858434
2208,0.11706684261545197
2209,0.7966931145597372
2210,0.4755902500539374
2211,0.013923502849339409
2212,0.3983411670220619
2213,0.6941788878401662
2214,0.39947632236701525
2215,0.7811709626382726
2216,0.07132426190082364
2217,0.8535271867755421
2218,0.32663491884541285
2219,0.6822113478706197
2220,0.5673618888769447
2221,0.6458160690070082
2222,0.4275453230032331
2223,0.8247217294380146
2224,0.40255657939237344
2225,0.763401359717818
2226,0.2886485320129748
2227,0.7598632134307225
2228,0.25451132371618834
2229,0.291897111320471
2230,0.25276362780647543
2231,0.5353262289541502
2232,0.07431203834709565
2233,0.605564818161344
2234,0.45426370068029054
2235,0.863508470575986
2236,0.20806025107990023
2237,0.24942173906952536
2238,0.4232590153547058
2239,0.014189002111994031
2240,0.9741515653429484
2241,0.18624663543385866
2242,0.8096676954984504
2243,0.3283969982722076
2244,0.836607904707586
2245,0.8120049836737175
2246,0.9110324136649609
2247,0.39330599954971246
2248,0.13262915641977568
2249,0.4002587482209118
2250,0.7871421918811177
2251,0.4349559560023899
2252,0.04925027008965022
2253,0.5904460826621512
2254,0.13619984158659892
2255,0.18124108342406586
2256,0.6781212988341747
2257,0.0929152933785401
2258,0.12487223757826327
2259,0.8287692988580598
2260,0.4293360036907219
2261,0.29149203525225365
2262,0.30164468210559414
2263,0.7864988583512121
2264,0.013351596397838672
2265,0.023752036167374646
2266,0.6378977260920821
2267,0.6642332471373874
2268,0.2778641038893168
2269,0.05598281803191418
2270,0.2286547175686735
2271,0.06100462443442667
2272,0.1785232635323173
2273,0.3063051139015398
2274,0.9261108021949904
2275,0.27225915294233904
2276,0.8348315206082135
2277,0.2263821747380056
2278,0.5835421835200313
2279,0.9028202663016067
2280,0.9724409147354264
2281,0.9735713652237704
2282,0.786906748967784
2283,0.3655247421666922
2284,0.8978946609969968
2285,0.3557640131961429
2286,0.10174566810640162
2287,0.8669711629028161
2288,0.9543509483320762
2289,0.3384887289131119
2290,0.9945349353286391
2291,0.2861817838650579
2292,0.1925759434075358
2293,0.2530438234902691
2294,0.9525107079210573
2295,0.05720575640445824
2296,0.889821870907391
2297,0.16207981340294586
2298,0.6358085119276663
2299,0.045531737719453846
2300,0.9399835185782315
2301,0.5893408340195767
2302,0.6253541274781811
2303,0.8620975854159636
2304,0.14475009179378695
2305,0.2899533791773985
2306,0.5900017558073578
2307,0.6408387779442087
2308,0.4240207658374878
2309,0.1975657040432387
2310,0.3016702209974561
2311,0.7461548774630034
2312,0.5895917249769881
2313,0.41679678563852274
2314,0.5603478658820868
2315,0.015737371309593073
2316,0.2912628050418177
2317,0.1840342112902963
2318,0.24808071718631053
2319,0.9014437898359848
2320,0.10301655138029298
2321,0.35283148965763356
2322,0.6603177113563218
2323,0.24211816334578562
2324,0.692984673002446
2325,0.8256005759946079
2326,0.35241274827624924
2327,0.04986193047011667
2328,0.4535086497768397
2329,0.9714542037880575
2330,0.7073584558468978
2331,0.18785467909827558
2332,0.08476821003471846
2333,0.22110967916155155
2334,0.6943999296886492
2335,0.11186815427600338
2336,0.2921060309753195
2337,0.9774354943809277
2338,0.483440326992163
2339,0.22260417672661137
2340,0.29306700160084387
2341,0.9156625678954878
2342,0.3210629066561044
2343,0.21188901930569892
2344,0.14498384582798252
2345,0.5646431405817587
2346,0.6183045731530242
2347,0.8401453407630954
2348,0.7299825597130998
2349,0.38975670848152655
2350,0.8355998350030589
2351,0.10497284899595039
2352,0.13150377765942012
2353,0.3153059320670687
2354,0.467077466998297
2355,0.4357822846662781
2356,0.6446353724096756
2357,0.6946805839666181
2358,0.4930342893927263
2359,0.9246276699016792
2360,0.6637514395573577
2361,0.172220683988332
2362,0.07230424657358703
2363,0.015504992882693469
2364,0.4342151289287237
2365,0.8214742256120917
2366,0.0026211112914727996
2367,0.41883233923347174
2368,0.8915093957280796
2369,0.7345579771976684
2370,0.1837329409970041
2371,0.3673591910696301
2372,0.15446042639549118
2373,0.8636049998970226
2374,0.14043323010265785
2375,0.5710455879922691
2376,0.2567716042625797
2377,0.5863852029344091
2378,0.11276531026115089
2379,0.6936071358603519
2380,0.12995664440258037
2381,0.1492599078804332
2382,0.6580015381368591
2383,0.6202397348193254
2384,0.40695713914037523
2385,0.49762207506305645
2386,0.5366336692488053
2387,0.06210150594733521
2388,0.6768249764192712
2389,0.17774903776988438
2390,0.9568305340476616
2391,0.8382533446370362
2392,0.8617176134164714
2393,0.05792517791397167
2394,0.6570389142065425
2395,0.7609584311797393
2396,0.04780440132088659
2397,0.30181015406901435
2398,0.4581255503998639
2399,0.231009429609776
2400,0.56437629097354
2401,0.6865500032524474
2402,0.2663242080767121
2403,0.4228241949915936
2404,0.3558261840121304
2405,0.9488345002655929
2406,0.38795443183886213
2407,0.564587511030108
2408,0.15534265020554394
2409,0.5459838930554329
2410,0.9400490369548284
2411,0.09729589831348262
2412,0.6941403501896098
2413,0.45528138357692105
2414,0.6883423204008328
2415,0.6515481382907986
2416,0.9936646793659025
2417,0.6615217768105912
2418,0.5335788919106631
2419,0.7231803489034487
2420,0.7664200720507618
2421,0.4893486030328701
2422,0.6975748523895167
2423,0.29763081415442905
2424,0.6300790213984699
2425,0.4302956956932863
2426,0.9889999996234023
2427,0.7915364662037172
2428,0.3276808913027568
2429,0.003907668927867647
2430,0.0339263027817025
2431,0.6111107627216349
2432,0.9461792916756828
2433,0.1689178381630989
2434,0.14586390830063722
2435,0.6149213256376913
2436,0.18922316581592413
2437,0.7580731036678436
2438,0.2145122030317166
2439,0.5202508202816398
2440,0.5408924901604797
2441,0.32716131045798225
2442,0.7093053459397897
2443,0.2937030618561104
2444,0.24449896007119665
2445,0.4191675288890413
2446,0.8440569112264542
2447,0.46293575937247433
2448,0.2219536278306543
2449,0.6790861926778635
2450,0.3788853670497322
2451,0.36242194870089484
2452,0.7420748618864005
2453,0.7808877770520498
2454,0.19468794377548004
2455,0.654246459591829
2456,0.293700863854234
2457,0.6381719532845721
2458,0.8024737249914414
2459,0.5739114893094655
2460,0.6632674685926491
2461,0.6331600787086517
2462,0.9029249378018063
2463,0.06612147564808302
2464,0.332706442802421
2465,0.9949485848955054
2466,0.6079190101665488
2467,0.4353735218326842
2468,0.7423367810184388
2469,0.806357526794933
2470,0.18960183538338882
2471,0.9304891143726811
2472,0.31296192603621253
2473,0.4112236594049352
2474,0.5400075644135327
2475,0.7717997786449441
2476,0.1439399367318347
2477,0.8338980113934428
2478,0.9549961671508689
2479,0.8932550263669964
2480,0.8980154957699885
2481,0.548371351047897
2482,0.10515209469477216
2483,0.201191495680758
2484,0.3176487744331703
2485,0.7868207851600296
2486,0.15305534862213088
2487,0.7699752304573567
2488,0.03728853246801156
2489,0.33073136040736084
2490,0.058117935368716345
2491,0.3735263563270792
2492,0.4956456075245017
2493,0.48919406040844404
2494,0.1896226464746088
2495,0.502565223540661
2496,0.18237211078036952
2497,0.37024283028698846
2498,0.9246509901077207
2499,0.33350247677548006
2500,0.021030526011045936
2501,0.18042481716035397
2502,0.1994453532898891
2503,0.6532205156985612
2504,0.25498992790672725
2505,0.08875445738554355
2506,0.07142086308075601
2507,0.6912582769564063
2508,0.826627278560808
2509,0.15514756416335485
2510,0.0284223799772525
2511,0.05357538600452094
2512,0.3847295821376613
2513,0.8860226070459307
2514,0.8392026973456964
2515,0.7580489533793296
2516,0.1554310524760767
2517,0.26160045972250745
2518,0.6791756999809757
2519,0.5992556037915557
2520,0.4359599221006448
2521,0.19479646805502482
2522,0.21904789270216563
2523,0.24956934923235996
2524,0.30158097617922563
2525,0.6287812201805433
2526,0.2074957836620981
2527,0.5983434096647001
2528,0.2567017003957698
2529,0.5235851832451562
2530,0.02709731251229419
2531,0.4600854566393848
2532,0.5806254790550955
2533,0.21115321512316454
2534,0.9337899775539877
2535,0.3786008559170334
2536,0.5089859697560809
2537,0.8302455463312212
2538,0.9683043668576088
2539,0.876002708190952
2540,0.5165589232129963
2541,0.8378359672220547
2542,0.9091431774193078
2543,0.7529402969775156
2544,0.4200381904010302
2545,0.3391862042976528
2546,0.07321854886810197
2547,0.29917895337255684
2548,0.605001701964959
2549,0.005827142001136987
2550,0.8475985527970119
2551,0.8000131817522069
2552,0.5788926855932788
2553,0.40623947860490284
2554,0.37047369668914
2555,0.7369077414158337
2556,0.767482552017194
2557,0.4360483447453023
2558,0.4124069699773093
2559,0.4280057285952813
2560,0.5103183660429156
2561,0.9711622558736289
2562,0.48131450357387884
2563,0.9111256188351675
2564,0.7294418656157337
2565,0.8113666646551734
2566,0.2893632726388923
2567,0.7900345167113867
2568,0.20986777123598
2569,0.11482969342416294
2570,0.3312317330704583
2571,0.19888076908764296
2572,0.9079479875710649
2573,0.20087042919025755
2574,0.05127425050321743
2575,0.6689727233470456
2576,0.10466141246330907
2577,0.3409964671408431
2578,0.5389486947570447
2579,0.07293736544808915
2580,0.7642737260890781
2581,0.3886207249092981
2582,0.9947038192785029
2583,0.7140724088360041
2584,0.3823015636499498
2585,0.6249336647837347
2586,0.782110904329675
2587,0.07551227636994884
2588,0.8298012529374492
2589,0.406425759442691
2590,0.44456135269085906
2591,0.6814940450638896
2592,0.07939698290397212
2593,0.75605142990956
2594,0.8947652429502957
2595,0.25783051612738805
2596,0.10183692632684083
2597,0.49373122794282687
2598,0.5547671259691123
2599,0.9146409870589287
2600,0.03776875307903915
2601,0.9266399103944861
2602,0.4909261211212309
2603,0.40010388194746915
2604,0.5977741883343435
2605,0.8081728204336815
2606,0.4081318703206962
2607,0.6906529173629441
2608,0.6511191553753393
2609,0.982048912294334
2610,0.6221673424777888
2611,0.27712821480731364
2612,0.7775704247232479
2613,0.7521601243932441
2614,0.13400077930881904
2615,0.16482225306858533
2616,0.7217612527479514
2617,0.8981977630118886
2618,0.9030867272533415
2619,0.901366473910911
2620,0.777454018766244
2621,0.20071593096081952
2622,0.5218976715458162
2623,0.3266507763439801
2624,0.08000780142140174
2625,0.7419869320008163
2626,0.6257191413557252
2627,0.3236994859569342
2628,0.09814978158827814
2629,0.711705636621756
2630,0.8206456471669221
2631,0.6286706892974728
2632,0.5441751052396208
2633,0.9484237832151152
2634,0.47444136356660105
2635,0.4796063553101707
2636,0.5260960008747542
2637,0.8139004047207622
2638,0.8076554104614553
2639,0.7455343729859192
2640,0.49083675265010596
2641,0.7974579321266393
2642,0.7024833096637769
2643,0.36498666649515776
2644,0.7744250372880597
2645,0.4215034330160704
2646,0.8167546727568131
2647,0.2702958987692049
2648,0.440205473533011
2649,0.3640763077964351
2650,0.5340497220130995
2651,0.7442340599261481
2652,0.5579559476270728
2653,0.13141725958119876
2654,0.8711396823487878
2655,0.09052061622405827
2656,0.4578941847720389
2657,0.20919350770746337
2658,0.9476084250531773
2659,0.337373878164287
2660,0.6034033430422093
2661,0.07302674314312463
2662,0.21753169372833103
2663,0.9010744683583203
2664,0.7919998388034529
2665,0.8819399177801104
2666,0.873774198615841
2667,0.7114749411879667
2668,0.14698082439809812
2669,0.890504997485356
2670,0.5356943612413798
2671,0.42707763982943736
2672,0.4921569219229235
2673,0.9556601447984673
2674,0.9842218241157017
2675,0.12138871940740092
2676,0.9577928527439459
2677,0.43917702915389323
2678,0.4381304846108174
2679,0.8152416665846612
2680,0.5422434070472376
2681,0.6955677159961262
2682,0.2906555023327482
2683,0.4530305001302507
2684,0.21286557810700735
2685,0.11779820364837623
2686,0.04024092095750398
2687,0.8958215629665264
2688,0.5187067599309292
2689,0.49842907420052796
2690,0.07171718343731859
2691,0.5525473074969942
2692,0.4811761032779943
2693,0.5745920696232073
2694,0.9846492967535656
2695,0.20155732408175753
2696,0.4273442349224732
2697,0.5680472981672482
2698,0.364453518007976
2699,0.11043032679116682
2700,0.7884340028740628
2701,0.33699143549447064
2702,0.17410510013948222
2703,0.7801067258770542
2704,0.15168232936236326
2705,0.23643222457247703
2706,0.7415641257363146
2707,0.3677991963953998
2708,0.2984361948682437
2709,0.6059375090661565
2710,0.16532409169339235
2711,0.08589026623606877
2712,0.5282956164800011
2713,0.6369648017549301
2714,0.9968175193595468
2715,0.6058928801114668
2716,0.48484884879192336
2717,0.7146552739765709
2718,0.47869892091354627
2719,0.13865892745573216
2720,0.6463529506076089
2721,0.07203593574711264
2722,0.5129930996292101
2723,0.420819164428066
2724,0.6724852487235433
2725,0.19498016944691599
2726,0.6750929380142974
2727,0.1763743739313397
2728,0.2656812128472158
2729,0.6221431795027963
2730,0.7447566711151291
2731,0.6293020840592427
2732,0.35723231998226856
2733,0.5592179403550205
2734,0.5202289652592528
2735,0.9419364848933
2736,0.7188732290150411
2737,0.4763264775394307
2738,0.6752911696393944
2739,0.3267724047498346
2740,0.6771316071389465
2741,0.6748470914180777
2742,0.5124569572052037
2743,0.7217749475337705
2744,0.1982239800957124
2745,0.6284523976922821
2746,0.2063469315266513
2747,0.9903819100670566
2748,0.5310279114604319
2749,0.43824133908594887
2750,0.9676856010807869
2751,0.28488741534039175
2752,0.17385323568551236
2753,0.8313115396964227
2754,0.420723930048721
2755,0.4702414405053037
2756,0.9152391431785449
2757,0.901077067271916
2758,0.34223901205850715
2759,0.8359287996321052
2760,0.2797090919871681
2761,0.5458339352704108
2762,0.4552049274776381
2763,0.7729287251843758
2764,0.5451614226251111
2765,0.07055793723887138
2766,0.7383431692021886
2767,0.24865153919231464
2768,0.775422898066587
2769,0.9219432557863553
2770,0.18906203664324195
2771,0.03876624721054045
2772,0.1232416956802519
2773,0.6485894486162428
2774,0.5871987219074293
2775,0.21213890594252194
2776,0.7510747915073008
2777,0.3077579884847209
2778,0.9765056036812348
2779,0.3851070983239351
2780,0.5401313162218709
2781,0.0047744891893126695
2782,0.8462907239957214
2783,0.43281373043569427
2784,0.3795611849653582
2785,0.4433135572848579
2786,0.28061224476376123
2787,0.8714322336907926
2788,0.5622696060720095
2789,0.8832668429475893
2790,0.20687447994756292
2791,0.40044767322748365
2792,0.07599765073201525
2793,0.5838052210897892
2794,0.6940036376817655
2795,0.30945579425645586
2796,0.3834905535353914
2797,0.9039412307208189
2798,0.6500992088001311
2799,0.17087849747891248
2800,0.8604021699108011
2801,0.6257816118440336
2802,0.7043185329300915
2803,0.9142339242005513
2804,0.7653180119600765
2805,0.08985190393091758
2806,0.6536484991104513
2807,0.23921418227260505
2808,0.22321376608288324
2809,0.7878492194808423
2810,0.4894809256521355
2811,0.4345805496951527
2812,0.06376013788277357
2813,0.9793632897459451
2814,0.25563187794871733
2815,0.3277874920652034
2816,0.5678536989755589
2817,0.8638071454818688
2818,0.2574627697536712
2819,0.7297936482523475
2820,0.7390050784149792
2821,0.5610128017242878
2822,0.3938409763561873
2823,0.12025414043239124
2824,0.31954452122032573
2825,0.9490116053611736
2826,0.6094786775201053
2827,0.10698569661221802
2828,0.5138677982838845
2829,0.6658578148027102
2830,0.34252850831487136
2831,0.6981297232814146
2832,0.6945825134329021
2833,0.2940337604269322
2834,0.03455382832109033
2835,0.013586951034942008
2836,0.5039972255152398
2837,0.24733224172814927
2838,0.1493406570019381
2839,0.28992760040078414
2840,0.2750142470854535
2841,0.8578035131703695
2842,0.4869316868346154
2843,0.6345466985112198
2844,0.45330283344548505
2845,0.3267401907043741
2846,0.490340044910198
2847,0.8731959342601986
2848,0.6240111044800994
2849,0.9240333585642807
2850,0.05665801067808718
2851,0.8716266983734663
2852,0.6955358341817642
2853,0.004635190515159149
2854,0.19660884429319525
2855,0.4834720266794684
2856,0.7477341010156949
2857,0.09758949194149191
2858,0.41261321126275086
2859,0.8621916354607819
2860,0.49682387241978876
2861,0.08081515517580362
2862,0.6661100081941637
2863,0.5586094070464503
2864,0.2804002208930755
2865,0.6871758183506314
2866,0.6338948623437507
2867,0.22579756988179722
2868,0.027175432498210084
2869,0.19547301865124878
2870,0.4672958496218461
2871,0.6217668509406612
2872,0.5835964044684239
2873,0.023276388018889316
2874,0.1722227030946415
2875,0.22911031315557373
2876,0.8326371433285389
2877,0.6006935205816275
2878,0.46957797689281033
2879,0.6443506762319119
2880,0.9010119903446988
2881,0.025829598831557665
2882,0.9405582944848253
2883,0.8946207427980525
2884,0.3075016923251743
2885,0.22913738708543874
2886,0.8303778384725371
2887,0.5321262254951022
2888,0.2881818012435057
2889,0.7579128928769168
2890,0.8386854429435657
2891,0.14880193971072042
2892,0.5240743285698155
2893,0.6945259680401188
2894,0.073352160226971
2895,0.42292675602262375
2896,0.18125162412309825
2897,0.9905383129320722
2898,0.9852052844135171
2899,0.7849837794262194
2900,0.5717296845407444
2901,0.1786692160607236
2902,0.8347586065644556
2903,0.5555429192756548
2904,0.40988642334310144
2905,0.22494482498949553
2906,0.8438750196596695
2907,0.9446066316052059
2908,0.03329186666677386
2909,0.9417234775798066
2910,0.11787345087645806
2911,0.9523733048800128
2912,0.8081953401349136
2913,0.6174568379342155
2914,0.7343753717688355
2915,0.05722722137804903
2916,0.521724488467252
2917,0.5569994736186675
2918,0.6605372822172547
2919,0.06755911255174873
2920,0.07574510713223004
2921,0.5529271625222686
2922,0.6423697761773063
2923,0.2200511964659546
2924,0.28399253556673365
2925,0.5107708507975289
2926,0.09879156028371094
2927,0.534764393308395
2928,0.8070015982074323
2929,0.8470820767128411
2930,0.5365312747953892
2931,0.5650850319240075
2932,0.39222530443519754
2933,0.5969525156915302
2934,0.5827283202894513
2935,0.9194638447635243
2936,0.9919128101483411
2937,0.8966751052727552
2938,0.45796884603665133
2939,0.9760777685549011
2940,0.273008569758043
2941,0.4959190501923202
2942,0.8249938740004045
2943,0.5840682666868067
2944,0.008668785467502715
2945,0.9498939781770837
2946,0.6816217061352955
2947,0.8456979428949513
2948,0.12922402864404414
2949,0.09727662903580325
2950,0.3296381140989657
2951,0.040899022153453646
2952,0.7015083659585233
2953,0.43235025922528114
2954,0.28954372632309033
2955,0.29681367225586164
2956,0.47989747607920685
2957,0.20236398477203432
2958,0.2635394729670978
2959,0.1214875269742447
2960,0.2656907773252324
2961,0.6999857873161263
2962,0.6846100131093107
2963,0.6389436164198784
2964,0.7732398415671445
2965,0.31551014998778515
2966,0.09771775162413177
2967,0.17747697178940636
2968,0.6263208757117903
2969,0.4977886815104483
2970,0.14381660465439738
2971,0.6491582792735449
2972,0.29710599005832683
2973,0.1822021616200663
2974,0.6384363609768672
2975,0.9577134144118731
2976,0.6326686569115594
2977,0.862703933337089
2978,0.26084354031526524
2979,0.03496651344751667
2980,0.1732412217811773
2981,0.7260844563635774
2982,0.39258126628497514
2983,0.38380614880143693
2984,0.40675945897279675
2985,0.34375075844735714
2986,0.5593172216519766
2987,0.8927690135638926
2988,0.6746119797324303
2989,0.4890960643261294
2990,0.6972810141821454
2991,0.4133969865452698
2992,0.2729753038394279
2993,0.3713670679705484
2994,0.4575154907656991
2995,0.9408370118907512
2996,0.5800650798431711
2997,0.7748357237541134
2998,0.7819768021236178
2999,0.6020601570582682
3000,0.696466580457761
3001,0.6351848946121343
3002,0.13128513633178618
3003,0.7369880933349175
3004,0.05844916443112602
3005,0.7935370042094553
3006,0.7547508495062927
3007,0.5325928875995981
3008,0.4812692704896111
3009,0.1798569597859654
3010,0.7370404366366314
3011,0.004740663564973824
3012,0.06854764205289965
3013,0.5512044954930799
3014,0.8681429651413525
3015,0.5268984712620309
3016,0.7988477762687552
3017,0.8155364690437533
3018,0.6289575327330431
3019,0.6418470370939835
3020,0.757757155778465
3021,0.44235185402410915
3022,0.7748686174578975
3023,0.5560330096745766
3024,0.37626921738236463
3025,0.7333689032067199
3026,0.9326217055265814
3027,0.5358291856655896
3028,0.5895898327431246
3029,0.806732638272452
3030,0.649266578283708
3031,0.04609970404256836
3032,0.5478098295493598
3033,0.4139619315636929
3034,0.8893481657294136
3035,0.045278399720135476
3036,0.5621977708488463
3037,0.3180903381545044
3038,0.3156135587496608
3039,0.5114221129392068
3040,0.6147512279838477
3041,0.7291264425678642
3042,0.18166236985013662
3043,0.11687059375557518
3044,0.3917688205681804
3045,0.04172699152345749
3046,0.29587190107995887
3047,0.1925382695618616
3048,0.24432517173174106
3049,0.27366267296249625
3050,0.4342150416986742
3051,0.9368122710470352
3052,0.938471155901485
3053,0.2611754114550875
3054,0.4913729109698096
3055,0.6186658990214399
3056,0.6453311013554136
3057,0.5223896206537698
3058,0.4155587329959669
3059,0.8563811208019295
3060,0.05539733036011518
3061,0.7782583640184306
3062,0.1956515794731426
3063,0.4305750017768144
3064,0.5321193850669665
3065,0.12894778831431664
3066,0.30902772365308007
3067,0.606676572298649
3068,0.4539118040372333
3069,0.48877896969451895
3070,0.9664545502146077
3071,0.07661913059472791
3072,0.10273758408442324
3073,0.4271481026034557
3074,0.22671549902446264
3075,0.953980616625502
3076,0.30919329817316543
3077,0.872415427928415
3078,0.46067778902601475
3079,0.9364105402117023
3080,0.5237294719109069
3081,0.5145132491979167
3082,0.43612914279309856
3083,0.6299164811473285
3084,0.6477105673597002
3085,0.5162914833660504
3086,0.748829691557008
3087,0.02957291695524733
3088,0.022578906497703666
3089,0.3264648408612413
3090,0.20521652711851124
3091,0.9255221351968412
3092,0.3235494198887612
3093,0.9897820836968303
3094,0.6421292562101663
3095,0.5775966253135998
3096,0.9172213167943392
3097,0.4650055102522327
3098,0.1483620429086615
3099,0.11338727649711655
3100,0.3574392835689961
3101,0.21663527973844066
3102,0.20949124975510525
3103,0.5252909597950204
3104,0.457343440739584
3105,0.9775117118211569
3106,0.14812860680873619
3107,0.38940099211616097
3108,0.9041501803411649
3109,0.3469233246353469
3110,0.06264866094245292
3111,0.08300902011364286
3112,0.5426520135796982
3113,0.9614183631776987
3114,0.4440244305788116
3115,0.3219814982951952
3116,0.9824586070417699
3117,0.31907494543964465
3118,0.22462830103596454
3119,0.9574412768173183
3120,0.11997353557363477
3121,0.1802304656133875
3122,0.9446766673742828
3123,0.8153873322764111
3124,0.29709678470360446
3125,0.7084358853369841
3126,0.8996761384261053
3127,0.7432125875684539
3128,0.0021956994141889563
3129,0.06927092818092351
3130,0.08684764332743067
3131,0.7026294545701313
3132,0.8353955767343126
3133,0.13471536372275705
3134,0.4103221889862013
3135,0.2841550440738905
3136,0.5905535608376409
3137,0.44470774561914983
3138,0.7701825749604093
3139,0.6494782844047837
3140,0.5875494449592109
3141,0.8400615994397449
3142,0.23597726137088149
3143,0.4259037358403459
3144,0.09395132550235785
3145,0.424963489012548
3146,0.8624382866540896
3147,0.8892122279534895
3148,0.5651142019286982
3149,0.3666604596593517
3150,0.9267224532838709
3151,0.20077043533407024
3152,0.19687926499091946
3153,0.6341807115055689
3154,0.5928086642415631
3155,0.4172399989506941
3156,0.09391256596956543
3157,0.35596199736972345
3158,0.3683805308706809
3159,0.9494421340574207
3160,0.18961299704248946
3161,0.12077690506819827
3162,0.4029905118610124
3163,0.6385754645769038
3164,0.5609956048680564
3165,0.2580376597922287
3166,0.7212949837864036
3167,0.4870492319705684
3168,0.15111846089340297
3169,0.40566546288253513
3170,0.21250113229441514
3171,0.806383662520259
3172,0.024068094350600644
3173,0.6160852603354563
3174,0.4553057075679412
3175,0.944624584453452
3176,0.407563748466113
3177,0.5438285977670734
3178,0.04302188088861225
3179,0.3717171887681754
3180,0.9711775030841766
3181,0.5027704971126709
3182,0.1651930054761338
3183,0.29764996518538356
3184,0.2876339344079053
3185,0.23873313946277774
3186,0.38941043500636896
3187,0.36093081435614127
3188,0.2606903356489081
